<?xml version="1.0" encoding="utf-8" ?><dwsync><file name="contactscript.php" server="ns1.hosting-nameserver.biz//public_html/" local="3443994434" remote="319836515678224156" Dst="-1" /><file name="contactscript123 - Kopie.php" server="ns1.hosting-nameserver.biz//public_html/" local="3443979710" remote="319836515678224156" Dst="-1" /><file name="mailScript.php" server="ns1.hosting-nameserver.biz//public_html/" local="3443905128" remote="319836515678224156" Dst="-1" /><file name="send_form_email.php" server="ns1.hosting-nameserver.biz//public_html/" local="3443955103" remote="319836515678224156" Dst="-1" /><file name="thanks.php" server="ns1.hosting-nameserver.biz//public_html/" local="3443989505" remote="319836515678224156" Dst="-1" /><file name="contactscript.php" server="brazilianhair.be//httpdocs/" local="3443994434" remote="319836515680352596" Dst="-1" /><file name="contactscript123 - Kopie.php" server="brazilianhair.be//httpdocs/" local="3443979710" remote="319836515680352596" Dst="-1" /><file name="mailScript.php" server="brazilianhair.be//httpdocs/" local="3443905128" remote="319836515680352596" Dst="-1" /><file name="send_form_email.php" server="brazilianhair.be//httpdocs/" local="3443955103" remote="319836515680352596" Dst="-1" /><file name="thanks.php" server="brazilianhair.be//httpdocs/" local="3443989505" remote="319836515680352596" Dst="-1" /><file name="contactscript.php" server="brazilianhair.be//public_html/" local="3443994434" remote="319836515681385376" Dst="-1" /><file name="contactscript123 - Kopie.php" server="brazilianhair.be//public_html/" local="3443979710" remote="319836515681385376" Dst="-1" /><file name="mailScript.php" server="brazilianhair.be//public_html/" local="3443905128" remote="319836515681385376" Dst="-1" /><file name="send_form_email.php" server="brazilianhair.be//public_html/" local="3443955103" remote="319836515681385376" Dst="-1" /><file name="thanks.php" server="brazilianhair.be//public_html/" local="3443989505" remote="319836515681385376" Dst="-1" /></dwsync>